"PFAM","description","n_count","mean_tAI","label","source_df","additional","Count_Ascomycota","Count_Basidiomycota","Count_Entomophthoromycota","Count_Kickxellomycota","Count_Mortierellomycota","Count_Mucoromycota","Count_Chytridiomycota","Count_Microsporidia","Count_Monoblepharomycota","Count_Rozellomycota","Count_Glomeromycota","Count_Neocallimastigomycota","enrichment_Ascomycota","enrichment_Basidiomycota","enrichment_Entomophthoromycota","enrichment_Kickxellomycota","enrichment_Mortierellomycota","enrichment_Mucoromycota","enrichment_Chytridiomycota","enrichment_Microsporidia","enrichment_Monoblepharomycota","enrichment_Rozellomycota","enrichment_Glomeromycota","enrichment_Neocallimastigomycota","count","percent","enrichment_overall"
"PF00076","RNA recognition motif",1068,0.511556314736695,"highest","hilo_LCR_len","",231,43,27,94,213,349,47,17,7,28,0,0,0.259760912480807,0.167522009918636,0.43091798695247,0.164857650906792,0.652634417433786,0.31538148181472,0.92857439018167,0.0618388670610077,0.764378238341969,0.388800913507632,0,0,12676,0.0534547831404053,0.198532364141968
"PF00271","Helicase conserved C-terminal domain",793,0.456493654811353,"highest","hilo_LCR_len","",126,22,28,89,168,289,19,31,2,11,0,0,0.123645867494796,0.0645742234439125,0.471253071253071,0.157817456650959,0.517013348075248,0.321528142951059,0.356490988944419,0.0647589222508607,0.21839378238342,0.127724930638129,0,0,12629,0.0532565838024754,0.147960747301765
"PF00270","DEAD/DEAH box helicase",608,0.456493654811353,"highest","hilo_LCR_len","",102,16,26,63,122,225,19,21,2,7,0,0,0.15841864783861,0.0655246665595372,0.596716551262006,0.157244810040154,0.532839320712373,0.371278342997461,0.510684873256793,0.0568592666865919,0.349430051813471,0.116400273488396,0,0,8811,0.0371560503510658,0.162600048235273
"PF00069","Protein kinase domain",485,0.450476850425661,"highest","hilo_LCR_len","",85,14,2,69,129,168,0,5,2,4,0,0,0.0537122049452804,0.0295101899027327,0.0168304668304668,0.0824381740930385,0.192482665907575,0.070398839924137,0,0.00761277065997526,0.0835957061754717,0.0291225394673671,0,0,27268,0.114989352056845,0.0419112626911269
"PF00400","WD domain",452,0.441245933438176,"highest","hilo_LCR_len","",92,6,10,52,111,151,2,13,1,8,0,0,0.0640747560761773,0.0112788360471335,0.100253683286174,0.0544630147577143,0.160190030340345,0.0873784212097177,0.0185472956788349,0.0254120687895015,0.0666851243918839,0.0525626322093942,0,0,23242,0.0980116811099163,0.0458255018775878
"PF00226","DnaJ domain",337,0.504286359605872,"highest","hilo_LCR_len","",82,5,7,35,58,111,13,13,0,6,0,0,0.242242044303215,0.0455032406663453,0.341038406827881,0.168342679322912,0.502765265937382,0.297587088031029,0.677541353256937,0.0836643495531281,0,0.224486241727621,0,0,4629,0.0195205262824973,0.171547744420663
"PF00428","60s Acidic ribosomal protein",296,0.498112625419136,"highest","hilo_LCR_len","",46,21,4,14,60,102,23,15,3,4,0,0,0.881460833588493,1.72002249718785,2.22162162162162,0.653730738037307,3.28045985762686,1.18686586182116,9.83661281413974,0.597602496808058,6.55181347150259,0.897944966910484,0,0,746,0.00314588736373796,0.934964616993029
"PF00018","SH3 domain",211,0.506691872170316,"highest","hilo_LCR_len","",36,7,3,34,36,86,7,0,0,1,0,0,0.15329753627626,0.0978874591895525,0.189342751842752,0.228162652796597,0.334438152281834,0.202645114808468,0.31223177510873,0,0,0.0464454293229561,0,0,4172,0.0175933539966686,0.119173706711413
"PF00012","Hsp70 protein",194,0.511629276648083,"highest","hilo_LCR_len","",46,7,2,16,42,55,7,9,2,4,0,0,0.276390261379443,0.195774918379105,0.104793472718001,0.218669515162305,0.605318227658838,0.269903212822502,1.14368043466793,0.11674095286483,1.58831841733396,0.448972483455242,0,0,2582,0.0108883125645729,0.177046678708234
"PF00005","ABC transporter",192,0.493941469165146,"highest","hilo_LCR_len","",34,5,1,24,54,53,10,5,1,1,0,0,0.0701776930988117,0.0327000474750542,0.032670906200318,0.0541174051608924,0.163814259115905,0.1042166665919,0.220989054896756,0.0205563512415548,0.132359868111163,0.0299314988970161,0,0,9493,0.040032049254644,0.0476584638542858
"PF00069","Protein kinase domain",850,0.167807957896502,"lowest","hilo_LCR_len","",62,77,0,0,1,279,0,1,0,0,91,288,0.039178314195381,0.16230604446503,0,0,0.00149211368920601,0.116912359159728,0,0.00152255413199505,0,0,0.0418136418590575,0.200730827606489,27268,0.114989352056845,0.0734527284277482
"PF00076","RNA recognition motif",686,0.0957133870374667,"lowest","hilo_LCR_len","",95,55,0,0,15,136,0,2,0,0,135,198,0.106828080890375,0.214272338268022,0,0,0.0459601702418159,0.122899374002298,0,0.00727516083070679,0,0,0.231517004871793,0.290005135898868,12676,0.0534547831404053,0.127521724533137
"PF00400","WD domain",581,0.0619123021853994,"lowest","hilo_LCR_len","",64,43,0,0,2,140,0,1,0,0,72,215,0.0445737433573407,0.0808316583377897,0,0,0.0028863068529792,0.0810131057573541,0,0.00195477452226935,0,0,0.0938415593080332,0.179018868023581,23242,0.0980116811099163,0.0589040190063684
"PF02013","Cellulose or protein binding domain",527,0.113030513313671,"lowest","hilo_LCR_len","",0,0,0,0,0,0,0,0,0,0,0,527,NA,NA,NA,NA,NA,NA,0,NA,NA,NA,NA,0.227849765174537,1872,0.00789423745967487,0.663356612839775
"PF00271","Helicase conserved C-terminal domain",421,0.147330425512539,"lowest","hilo_LCR_len","",65,49,0,0,0,85,0,2,0,0,64,129,0.0637855665647759,0.143824406761442,0,0,0,0.0945671008679584,0,0.0041779949839265,0,0,0.144034425364349,0.265385222673125,12629,0.0532565838024754,0.0785516703834088
"PF12796","Ankyrin repeats (3 copies)",373,0.0318717030122181,"lowest","hilo_LCR_len","",7,5,0,0,1,52,0,0,0,0,12,287,0.0122846726161978,0.0546038887996143,0,0,0.00612802269890879,0.10198380618773,0,0,0,0,0.0716585612245938,0.0802904016805463,8601,0.0362704788411664,0.102188535743505
"PF00187","Chitin recognition protein",290,0.109547204227532,"lowest","hilo_LCR_len","",2,0,0,0,0,0,0,0,0,0,1,286,0.0675239147883525,0,0,0,0,0,0,NA,0,NA,0.062452426622823,0.277921588569748,1070,0.00451219769329707,0.638640582344885
"PF00270","DEAD/DEAH box helicase",288,0.135692179861865,"lowest","hilo_LCR_len","",40,34,0,0,0,49,0,0,0,0,46,89,0.0621249599367098,0.139239916439017,0,0,0,0.0808561724750025,0,0,0,0,0.142453468990902,0.27782403799461,8811,0.0371560503510658,0.0770210754798663
"PF00018","SH3 domain",284,0.100902619658864,"lowest","hilo_LCR_len","",20,13,0,0,1,67,0,0,0,0,37,134,0.0851652979312554,0.18179099563774,0,0,0.00928994867449539,0.157874682467062,0,0,0,0,0.274543340797361,0.314025763316754,4172,0.0175933539966686,0.160404420407779
"PF00734","Fungal cellulose binding domain",270,0.11302755108691,"lowest","hilo_LCR_len","",2,4,0,0,0,1,0,0,1,0,0,262,0.0100567532663504,0.132309422860604,NA,NA,NA,0.0627047868173489,0,NA,0.671980868872061,NA,NA,0.41453381935043,949,0.0040019398233074,0.670409012170478
"PF00076","RNA recognition motif",1068,0.515683204344458,"highest","hilo_LCR_presence","",231,43,27,94,213,349,47,17,7,28,0,0,0.259760912480807,0.167522009918636,0.43091798695247,0.164857650906792,0.652634417433786,0.31538148181472,0.92857439018167,0.0618388670610077,0.764378238341969,0.388800913507632,0,0,12676,0.0534547831404053,0.198532364141968
"PF00271","Helicase conserved C-terminal domain",793,0.493691130001902,"highest","hilo_LCR_presence","",126,22,28,89,168,289,19,31,2,11,0,0,0.123645867494796,0.0645742234439125,0.471253071253071,0.157817456650959,0.517013348075248,0.321528142951059,0.356490988944419,0.0647589222508607,0.21839378238342,0.127724930638129,0,0,12629,0.0532565838024754,0.147960747301765
"PF00270","DEAD/DEAH box helicase",608,0.454649771302557,"highest","hilo_LCR_presence","",102,16,26,63,122,225,19,21,2,7,0,0,0.15841864783861,0.0655246665595372,0.596716551262006,0.157244810040154,0.532839320712373,0.371278342997461,0.510684873256793,0.0568592666865919,0.349430051813471,0.116400273488396,0,0,8811,0.0371560503510658,0.162600048235273
"PF00069","Protein kinase domain",485,0.459468069402587,"highest","hilo_LCR_presence","",85,14,2,69,129,168,0,5,2,4,0,0,0.0537122049452804,0.0295101899027327,0.0168304668304668,0.0824381740930385,0.192482665907575,0.070398839924137,0,0.00761277065997526,0.0835957061754717,0.0291225394673671,0,0,27268,0.114989352056845,0.0419112626911269
"PF00400","WD domain",452,0.470587159875552,"highest","hilo_LCR_presence","",92,6,10,52,111,151,2,13,1,8,0,0,0.0640747560761773,0.0112788360471335,0.100253683286174,0.0544630147577143,0.160190030340345,0.0873784212097177,0.0185472956788349,0.0254120687895015,0.0666851243918839,0.0525626322093942,0,0,23242,0.0980116811099163,0.0458255018775878
"PF00226","DnaJ domain",337,0.499913184007822,"highest","hilo_LCR_presence","",82,5,7,35,58,111,13,13,0,6,0,0,0.242242044303215,0.0455032406663453,0.341038406827881,0.168342679322912,0.502765265937382,0.297587088031029,0.677541353256937,0.0836643495531281,0,0.224486241727621,0,0,4629,0.0195205262824973,0.171547744420663
"PF00428","60s Acidic ribosomal protein",296,0.481959146498655,"highest","hilo_LCR_presence","",46,21,4,14,60,102,23,15,3,4,0,0,0.881460833588493,1.72002249718785,2.22162162162162,0.653730738037307,3.28045985762686,1.18686586182116,9.83661281413974,0.597602496808058,6.55181347150259,0.897944966910484,0,0,746,0.00314588736373796,0.934964616993029
"PF00018","SH3 domain",211,0.481817637808819,"highest","hilo_LCR_presence","",36,7,3,34,36,86,7,0,0,1,0,0,0.15329753627626,0.0978874591895525,0.189342751842752,0.228162652796597,0.334438152281834,0.202645114808468,0.31223177510873,0,0,0.0464454293229561,0,0,4172,0.0175933539966686,0.119173706711413
"PF00012","Hsp70 protein",194,0.490246045016549,"highest","hilo_LCR_presence","",46,7,2,16,42,55,7,9,2,4,0,0,0.276390261379443,0.195774918379105,0.104793472718001,0.218669515162305,0.605318227658838,0.269903212822502,1.14368043466793,0.11674095286483,1.58831841733396,0.448972483455242,0,0,2582,0.0108883125645729,0.177046678708234
"PF00005","ABC transporter",192,0.48358599148912,"highest","hilo_LCR_presence","",34,5,1,24,54,53,10,5,1,1,0,0,0.0701776930988117,0.0327000474750542,0.032670906200318,0.0541174051608924,0.163814259115905,0.1042166665919,0.220989054896756,0.0205563512415548,0.132359868111163,0.0299314988970161,0,0,9493,0.040032049254644,0.0476584638542858
"PF00069","Protein kinase domain",850,0.136228741197338,"lowest","hilo_LCR_presence","",62,77,0,0,1,279,0,1,0,0,91,288,0.039178314195381,0.16230604446503,0,0,0.00149211368920601,0.116912359159728,0,0.00152255413199505,0,0,0.0418136418590575,0.200730827606489,27268,0.114989352056845,0.0734527284277482
"PF00076","RNA recognition motif",686,0.14122552467662,"lowest","hilo_LCR_presence","",95,55,0,0,15,136,0,2,0,0,135,198,0.106828080890375,0.214272338268022,0,0,0.0459601702418159,0.122899374002298,0,0.00727516083070679,0,0,0.231517004871793,0.290005135898868,12676,0.0534547831404053,0.127521724533137
"PF00400","WD domain",581,0.14994841785704,"lowest","hilo_LCR_presence","",64,43,0,0,2,140,0,1,0,0,72,215,0.0445737433573407,0.0808316583377897,0,0,0.0028863068529792,0.0810131057573541,0,0.00195477452226935,0,0,0.0938415593080332,0.179018868023581,23242,0.0980116811099163,0.0589040190063684
"PF02013","Cellulose or protein binding domain",527,0.0572739827807519,"lowest","hilo_LCR_presence","",0,0,0,0,0,0,0,0,0,0,0,527,NA,NA,NA,NA,NA,NA,0,NA,NA,NA,NA,0.227849765174537,1872,0.00789423745967487,0.663356612839775
"PF00271","Helicase conserved C-terminal domain",421,0.142003364778874,"lowest","hilo_LCR_presence","",65,49,0,0,0,85,0,2,0,0,64,129,0.0637855665647759,0.143824406761442,0,0,0,0.0945671008679584,0,0.0041779949839265,0,0,0.144034425364349,0.265385222673125,12629,0.0532565838024754,0.0785516703834088
"PF12796","Ankyrin repeats (3 copies)",373,0.133288823746304,"lowest","hilo_LCR_presence","",7,5,0,0,1,52,0,0,0,0,12,287,0.0122846726161978,0.0546038887996143,0,0,0.00612802269890879,0.10198380618773,0,0,0,0,0.0716585612245938,0.0802904016805463,8601,0.0362704788411664,0.102188535743505
"PF00187","Chitin recognition protein",290,0.130691417511089,"lowest","hilo_LCR_presence","",2,0,0,0,0,0,0,0,0,0,1,286,0.0675239147883525,0,0,0,0,0,0,NA,0,NA,0.062452426622823,0.277921588569748,1070,0.00451219769329707,0.638640582344885
"PF00270","DEAD/DEAH box helicase",288,0.142003364778874,"lowest","hilo_LCR_presence","",40,34,0,0,0,49,0,0,0,0,46,89,0.0621249599367098,0.139239916439017,0,0,0,0.0808561724750025,0,0,0,0,0.142453468990902,0.27782403799461,8811,0.0371560503510658,0.0770210754798663
"PF00018","SH3 domain",284,0.130914803976291,"lowest","hilo_LCR_presence","",20,13,0,0,1,67,0,0,0,0,37,134,0.0851652979312554,0.18179099563774,0,0,0.00928994867449539,0.157874682467062,0,0,0,0,0.274543340797361,0.314025763316754,4172,0.0175933539966686,0.160404420407779
"PF00734","Fungal cellulose binding domain",270,0.145558891194561,"lowest","hilo_LCR_presence","",2,4,0,0,0,1,0,0,1,0,0,262,0.0100567532663504,0.132309422860604,NA,NA,NA,0.0627047868173489,0,NA,0.671980868872061,NA,NA,0.41453381935043,949,0.0040019398233074,0.670409012170478
"PF00400","WD domain",1695,0.530096029210185,"highest","hilo_prot_len","",381,9,36,430,185,325,11,236,4,69,0,0,0.265353065924169,0.0169182540707002,0.360913259830227,0.45036723741956,0.266983383900576,0.188066138365286,0.102010126233592,0.461326787255566,0.266740497567535,0.453352702806025,0,0,23242,0.0980116811099163,0.171845632040954
"PF00069","Protein kinase domain",1678,0.490951089180712,"highest","hilo_prot_len","",425,11,12,437,181,267,2,266,8,63,0,0,0.268561024726402,0.0231865777807186,0.100982800982801,0.522108435922577,0.270072577746288,0.111883870593718,0.0178527683391118,0.404999399110684,0.334382824701887,0.458679996611031,0,0,27268,0.114989352056845,0.145004327413837
"PF00076","RNA recognition motif",1562,0.499000412505007,"highest","hilo_prot_len","",375,28,52,290,189,357,38,168,9,45,0,0,0.421689792988323,0.109084099481902,0.829916123019571,0.508603391095424,0.579098145046881,0.322610856756032,0.750762272912839,0.611113509779371,0.982772020725389,0.624858610994409,0,0,12676,0.0534547831404053,0.290362877143965
"PF00271","Helicase conserved C-terminal domain",1449,0.463820166927458,"highest","hilo_prot_len","",326,13,42,312,136,301,12,253,3,50,0,0,0.319909149232568,0.0381574956714028,0.706879606879607,0.553247713203363,0.418534615108534,0.334878792485359,0.225152203543844,0.528516365466702,0.32759067357513,0.580567866536951,0,0,12629,0.0532565838024754,0.270359549609405
"PF00270","DEAD/DEAH box helicase",1106,0.524396158028982,"highest","hilo_prot_len","",232,9,41,228,101,248,12,193,3,38,0,0,0.360324767632917,0.0368576249397397,0.940976100067009,0.569076455383415,0.441121076983194,0.409231240281645,0.322537814688501,0.522563736691059,0.524145077720207,0.631887198937007,0,0,8811,0.0371560503510658,0.295782324585876
"PF07690","Major Facilitator Superfamily",895,0.465471579253755,"highest","hilo_prot_len","",393,15,8,172,75,209,3,8,6,5,0,0,0.254929034194086,0.0408880149886177,0.0957595526561044,0.310398031587072,0.236488177567016,0.19974208976026,0.100053301460137,0.311309207639546,0.286418075256944,0.448972483455242,0,0,12148,0.0512282033440867,0.173604326434486
"PF00005","ABC transporter",851,0.493241828467734,"highest","hilo_prot_len","",154,11,23,181,130,205,16,117,1,13,0,0,0.317863668741677,0.0719401044451193,0.751430842607313,0.408135430588397,0.394367660834586,0.403102200968671,0.35358248783481,0.481018619052383,0.132359868111163,0.38910948566121,0,0,9493,0.040032049254644,0.211236212187485
"PF00004","ATPase family associated with various cellular activities (AAA)",838,0.467078991481587,"highest","hilo_prot_len","",184,10,26,182,66,149,5,182,3,30,0,0,0.314352297279752,0.067717421149128,0.776373147340889,0.552747941104715,0.381130946637074,0.29582099954992,0.169082323397751,0.52597276748426,0.476495525200188,0.585616282767707,0,0,7083,0.0298690619267506,0.278784785603881
"PF00106","short chain dehydrogenase",689,0.541482349646388,"highest","hilo_prot_len","",190,6,13,157,52,225,6,22,7,8,0,0,0.289388206235796,0.0334526255530863,0.311218546132339,0.523651662611517,0.389069815296695,0.608273979904822,0.299816078602197,0.400133845688874,0.623982235381199,0.448972483455242,0,0,5545,0.0233833048685348,0.292792510507832
"PF00153","0",663,0.482694925885539,"highest","hilo_prot_len","",168,14,17,149,93,178,20,1,5,14,0,0,0.342276395651304,0.0948043896087792,0.441209901490275,0.488250024900044,0.400024318257711,0.291590909960502,0.702467623778095,0.0836643495531281,0.909974093264249,0.355789515190947,0,0,7088,0.0298901469627006,0.220410414649959
"PF07714","Protein tyrosine and serine/threonine kinase",3413,0.137033135221536,"lowest","hilo_prot_len","",4,12,0,0,0,2,0,0,0,0,3369,23,0.15329753627626,0.213888807940458,0,0,0,0.027034399106881,0,0,0,0,0.475261497130822,0.563499419248855,12538,0.0528728361481856,0.64143154577563
"PF00069","Protein kinase domain",3027,0.11089079765613,"lowest","hilo_prot_len","",322,228,0,0,0,332,0,28,0,0,1189,829,0.203474470498592,0.480594521273076,0,0,0,0.139121516992937,0,0.0426315156958615,0,0,0.546334287587026,0.577798111408956,27268,0.114989352056845,0.261578128177404
"PF12796","Ankyrin repeats (3 copies)",2228,0.108597001383853,"lowest","hilo_prot_len","",52,39,0,0,0,70,0,1,0,0,121,1921,0.0912575680060407,0.425910332636992,0,0,0,0.137285892945021,0,0.0576995514159504,0,0,0.722557159014654,0.537414152015085,8601,0.0362704788411664,0.610391575433054
"PF00400","WD domain",2035,0.0299630922344002,"lowest","hilo_prot_len","",284,225,0,0,0,245,0,28,0,0,467,705,0.1977959861482,0.422956351767505,0,0,0,0.14177293507537,0,0.0547336866235417,0,0,0.608666780511827,0.587015357937788,23242,0.0980116811099163,0.206316142302857
"PF00651","BTB/POZ domain",1367,0.129345533772684,"lowest","hilo_prot_len","",35,25,0,0,0,23,0,0,0,0,1217,65,0.182463519740585,0.378859580878381,0,0,0,0.128196453048802,0,NA,0,NA,0.390518192421198,0.460986367005643,6701,0.0282581651801716,0.480696753130021
"PF08238","Sel1 repeat",1344,0.0461527665337308,"lowest","hilo_prot_len","",19,10,0,0,2,38,0,3,0,0,1139,120,0.220836409840595,0.471239040325439,0,0,0.0074377560994556,0.10460993703187,0,0.0534027763105073,0,0,0.458062660091626,0.577499404820256,8709,0.0367259156176861,0.363641357398225
"PF00076","RNA recognition motif",1271,0.120523546083987,"lowest","hilo_prot_len","",166,139,0,0,8,139,0,14,0,0,351,386,0.186668015029498,0.541524636713729,0,0,0.0245120907956352,0.12561038960529,0,0.0509261258149475,0,0,0.601944212666661,0.565363547762439,12676,0.0534547831404053,0.23626838466708
"PF02013","Cellulose or protein binding domain",1194,0.0874404494626404,"lowest","hilo_prot_len","",0,0,0,0,0,0,0,0,0,0,0,1194,NA,NA,NA,NA,NA,NA,0,NA,NA,NA,NA,0.516228879731304,1872,0.00789423745967487,1.50293699379638
"PF00271","Helicase conserved C-terminal domain",1141,0.114136712738848,"lowest","hilo_prot_len","",197,235,0,0,0,93,0,35,0,0,266,281,0.193319332511705,0.689770114059975,0,0,0,0.103467533890825,0,0.0731149122187137,0,0,0.598643080420574,0.578087190474017,12629,0.0532565838024754,0.212891819257647
"PF00067","Cytochrome P450",1056,0.0615382151011098,"lowest","hilo_prot_len","",102,172,0,0,0,41,0,0,0,0,738,0,0.168967553126929,0.535464017224091,0,0,0,0.0795806236822072,0,NA,0,0,0.776795913162529,NA,6924,0.029198557783541,0.359376066656274
"PF00082","Subtilase family",268,0.490443461659338,"highest","hilo_signal","",54,6,24,44,63,56,13,7,1,0,0,0,0.250235684215659,0.145354013846861,0.374430610385667,0.302515188153986,0.628365909130367,0.265016457492192,1.61567553468962,0.185920776784729,1.4559585492228,0,0,0,3486,0.0147004870643304,0.181154740531801
"PF10342","Kre9/KNH-like N-terminal Ig-like domain",196,0.551781417332325,"highest","hilo_signal","",28,6,2,13,20,118,6,0,0,3,0,0,0.472667403518467,0.282743424195263,0.925675675675676,0.364221411192214,0.474860723082773,0.727786706011197,10.9058098591549,0,NA,1.01018808777429,0,NA,1236,0.00521222088683661,0.373662824822479
"PF01522","Polysaccharide deacetylase",176,0.467246809088184,"highest","hilo_signal","",2,5,13,0,39,106,3,5,0,3,0,0,0.0388493756316548,0.11466816647919,1.00281531531532,0,0.357295281956746,0.415419212664936,0.259662139503689,0.178009254368358,0,0.252547021943574,0,0,2972,0.0125329453686719,0.139542389273668
"PF00026","Eukaryotic aspartyl protease",171,0.491382937501026,"highest","hilo_signal","",44,7,2,16,15,82,0,0,0,4,0,0,0.203231587180579,0.0774286654682634,0.694256756756757,0.293949184316541,0.138593071504391,0.308507551141357,0,0,0,0.538766980146291,0,0,3061,0.0129082590085816,0.131636119987432
"PF00085","Thioredoxin",152,0.492969790849916,"highest","hilo_signal","",33,4,7,32,24,24,9,11,1,6,0,0,0.22826377047965,0.101177793952227,0.462837837837838,0.306511115270239,0.320331578482712,0.153911749460765,0.908817488262911,0.16886382478613,0.582383419689119,0.475382629540845,0,0,2337,0.00985514580302359,0.153259416452823
"PF05922","Peptidase inhibitor I9",142,0.490443461659338,"highest","hilo_signal","",31,5,20,21,40,17,4,3,1,0,0,0,0.57088400684698,0.34400449943757,0.624051017309444,0.392238442822384,0.829148114739311,0.362031410681297,2.07729711602951,0.278881165177094,4.36787564766839,0,0,0,1180,0.00497606848419677,0.283562390653074
"PF00089","Trypsin",125,0.526939138738204,"highest","hilo_signal","",3,0,16,105,0,0,1,0,0,0,0,0,0.607715233095172,NA,0.206662476429918,0.313790754257908,0,0,4.84702660406886,NA,0,0,0,NA,817,0.00344529487422776,0.360520735612326
"PF03330","Lytic transglycolase",103,0.482964155828688,"highest","hilo_signal","",4,6,0,14,24,53,0,0,0,1,0,0,0.378133922814774,0.312731363125064,NA,0.448272506082725,0.7449377593361,0.569717777369056,0,NA,NA,1.34691745036573,0,0,813,0.00342842684546777,0.298530680664333
"PF01105","emp24/gp25L/p24 family/GOLD",100,0.466403203392289,"highest","hilo_signal","",27,1,3,17,12,23,1,10,2,4,0,0,0.425400663166621,0.0603516665679948,0.694256756756757,0.476289537712895,0.441444598125096,0.363073870522831,0.296756730861359,0.304233998375011,2.4959289415248,0.598629977940323,0,0,877,0.0036983153056276,0.2686845527893
"PF00012","Hsp70 protein",99,0.493356991540055,"highest","hilo_signal","",17,5,5,12,18,20,7,12,0,2,0,0,0.102144227031533,0.139839227413646,0.261983681795003,0.164002136371729,0.259422097568073,0.0981466228445461,1.14368043466793,0.155654603819773,0,0.224486241727621,0,0,2582,0.0108883125645729,0.0903485628459543
"PF02013","Cellulose or protein binding domain",566,0.0572739827807519,"lowest","hilo_signal","",0,0,0,0,0,0,0,0,0,0,0,566,NA,NA,NA,NA,NA,NA,0,NA,NA,NA,NA,0.244711512502444,1872,0.00789423745967487,0.71244751967232
"PF08757","CotH kinase protein",336,0.102017872340654,"lowest","hilo_signal","",0,0,0,0,0,2,0,0,0,0,0,333,NA,NA,NA,NA,0,0.0130862163792728,0,NA,NA,NA,NA,0.274165196056215,1771,0.00746831973348515,0.447057112024442
"PF00734","Fungal cellulose binding domain",187,0.10460444571279,"lowest","hilo_signal","",1,8,0,0,0,0,0,0,0,0,0,178,0.00502837663317518,0.264618845721208,NA,NA,NA,0,0,NA,0,NA,NA,0.281629846734262,949,0.0040019398233074,0.46432031583659
"PF13855","Leucine rich repeat",169,0.101343779886017,"lowest","hilo_signal","",0,0,0,0,0,1,0,0,0,0,0,168,0,0,0,0,0,0.00660050387551041,0,0,0,0,0,0.168940124395179,2743,0.0115672507221625,0.14517879556165
"PF00082","Subtilase family",163,0.0882446264371727,"lowest","hilo_signal","",13,16,0,0,0,10,0,0,0,0,19,102,0.0602419239778439,0.387610703591629,0,0,0,0.0473243674093199,0,0,0,0,0.20636454014498,0.204632543444994,3486,0.0147004870643304,0.1101799354727
"PF01522","Polysaccharide deacetylase",156,0.0808089551145106,"lowest","hilo_signal","",0,15,0,0,0,1,0,0,0,0,34,103,0,0.34400449943757,0,0,0,0.00391904917608431,0,0,0,0,0.471862778927996,0.257818619737092,2972,0.0125329453686719,0.123685299583478
"PF00560","Leucine Rich Repeat",133,0.012834019510136,"lowest","hilo_signal","",1,0,0,0,0,1,0,0,0,0,0,131,0.0525186003909408,0,0,0,0,0.0126110185777908,0,0,0,0,0,0.182609294558681,1770,0.00746410272629515,0.177060084304501
"PF00187","Chitin recognition protein",132,0.0388781502399388,"lowest","hilo_signal","",0,0,0,0,0,0,0,0,0,0,10,122,0,0,0,0,0,0,0,NA,0,NA,0.62452426622823,0.118553964354927,1070,0.00451219769329707,0.290691575412154
"PF00026","Eukaryotic aspartyl protease",115,0.0964814443704227,"lowest","hilo_signal","",12,26,0,0,0,8,0,0,0,0,66,3,0.0554267965037942,0.287592186024978,0,0,0,0.0300982976723275,0,0,0,0,0.494623218852759,0.346499642892153,3061,0.0129082590085816,0.0885272151962262
"PF13418","Galactose oxidase",97,0.079935618498761,"lowest","hilo_signal","",0,1,0,0,0,3,0,0,0,0,91,2,0,0.0688008998875141,0,0,0,0.0256519582434609,0,0,0,0,0.32475261843868,0.0851051754471956,2073,0.00874185590486432,0.110259171351823
"PF07690","Major Facilitator Superfamily",1112,0.489182342268055,"highest","hilo_TM_presence","",446,19,10,232,88,281,5,8,9,5,0,0,0.289308776718989,0.0517914856522491,0.11969944082013,0.418676414698841,0.277479461678632,0.26855276183078,0.166755502433562,0.311309207639546,0.429627112885416,0.448972483455242,0,0,12148,0.0512282033440867,0.215696101670557
"PF00005","ABC transporter",615,0.475724994736782,"highest","hilo_TM_presence","",95,10,14,154,92,131,10,96,0,9,0,0,0.196084730717268,0.0654000949501084,0.457392686804452,0.347253349782393,0.279090959975245,0.25759213817998,0.220989054896756,0.394681943837852,0,0.269383490073145,0,0,9493,0.040032049254644,0.152656017033259
"PF00083","Sugar (and other) transporter",614,0.468446155356742,"highest","hilo_TM_presence","",238,16,8,31,34,248,18,11,5,2,0,0,0.384378731335063,0.107922980215708,0.740540540540541,0.3340492232828,0.613080394975549,0.639073443727501,2.84499387630129,0.221760926526364,4.85319516407599,0.673458725182863,0,0,3810,0.0160667973938896,0.379739424191277
"PF00122","E1-E2 ATPase",584,0.485002823766894,"highest","hilo_TM_presence","",82,13,30,116,86,181,21,43,3,8,0,0,0.394156546662858,0.240433252295076,1.20740305522914,0.582955276968566,0.675698323563924,0.528569716561249,1.26182923990222,0.51393814725493,1.13944582113089,0.448972483455242,0,0,4006,0.016893330803129,0.343513804375912
"PF00702","haloacid dehalogenase-like hydrolase",436,0.485002823766894,"highest","hilo_TM_presence","",67,11,25,61,73,144,19,30,2,3,0,0,0.265380301975452,0.158328430703484,1.28566066066066,0.421984920849479,0.604227293683725,0.44774327115859,1.39535614359558,0.295285939599276,0.727979274611399,0.237691314770422,0,0,3786,0.0159655892213296,0.271361462808109
"PF00690","Cation transporter/ATPase",395,0.464610521021697,"highest","hilo_TM_presence","",50,12,25,59,72,146,19,5,2,4,0,0,0.429697639562243,0.389439055967061,1.44636824324324,0.601092678610927,0.838054979253112,0.623017692839293,1.87945929545527,0.380292497968764,1.34396173774412,0.489788163769355,0,0,2436,0.0102726295148333,0.382086861061188
"PF13246","Cation transport ATPase (P-type)",363,0.500291406096205,"highest","hilo_TM_presence","",53,6,17,81,50,105,8,33,0,10,0,0,0.349554033299704,0.137601799775028,1.07294226044226,0.630383211678832,0.550277199878929,0.430170769817747,0.62207828073611,0.541357555932005,0,0.561215604319053,0,0,2943,0.0124106521601619,0.290642188464242
"PF00664","ABC transporter transmembrane region",357,0.475724994736782,"highest","hilo_TM_presence","",55,5,14,90,65,81,8,32,0,4,0,0,0.256546452567589,0.0666675386506919,0.670316868592731,0.478015705538451,0.343715736339638,0.37315746603957,0.394334367788653,0.622618415279093,0,0.38483355724735,0,0,4670,0.0196934235772872,0.180133143358135
"PF00153","0",355,0.461381180295738,"highest","hilo_TM_presence","",76,9,11,79,52,101,14,1,3,7,0,0,0.154839321842257,0.0609456790342152,0.285488759787825,0.258870818571164,0.223669511283881,0.165453269134892,0.491727336644667,0.0836643495531281,0.545984455958549,0.177894757595473,0,0,7088,0.0298901469627006,0.118017642836705
"PF00689","Cation transporting ATPase",238,0.464610521021697,"highest","hilo_TM_presence","",35,5,12,42,41,83,10,4,0,6,0,0,0.367630202736586,0.220515704767673,1.23423423423423,0.560340632603406,0.624111328383756,0.538396273017927,1.11854460093897,0.257428767855779,0,0.621654207861104,0,0,1882,0.00793640753157484,0.297988586426671
"PF07690","Major Facilitator Superfamily",1113,0.13476712154184,"lowest","hilo_TM_presence","",285,153,0,0,0,204,0,3,0,0,309,138,0.184872200369757,0.417057752883901,0,0,0,0.194963570866473,0,0.11674095286483,0,0,0.935650900676476,0.560667763875746,12148,0.0512282033440867,0.215890072985009
"PF00005","ABC transporter",707,0.150295822854919,"lowest","hilo_TM_presence","",68,46,0,0,0,52,0,12,0,0,199,309,0.140355386197623,0.300840436770499,0,0,0,0.102250314392053,0,0.0493352429797316,0,0,0.685684573679547,0.436759165253921,9493,0.040032049254644,0.175492364296771
"PF00067","Cytochrome P450",535,0.141476104403032,"lowest","hilo_TM_presence","",56,65,0,0,0,19,0,0,0,0,395,0,0.0927664997559609,0.202355587904453,0,0,0,0.0368788256088277,0,NA,0,0,0.415764750269917,NA,6924,0.029198557783541,0.182070261042715
"PF00083","Sugar (and other) transporter",490,0.143376019179135,"lowest","hilo_TM_presence","",105,59,0,0,0,66,0,7,0,0,58,188,0.169578852059587,0.397965989545425,0,0,0,0.170075997121028,0,0.141120589607686,0,0,0.85229193979382,0.487172574835549,3810,0.0160667973938896,0.303049377611931
"PF00664","ABC transporter transmembrane region",444,0.138916866885376,"lowest","hilo_TM_presence","",42,29,0,0,0,36,0,9,0,0,170,143,0.195908200142523,0.386671724174013,0,0,0,0.165847762684253,0,0.175111429297245,0,0,0.936786399342346,0.635249345302281,4670,0.0196934235772872,0.224031136277345
"PF00003","7 transmembrane sweet-taste receptor of 3 GCPR",368,0.0923444158091436,"lowest","hilo_TM_presence","",0,0,0,0,0,10,0,0,0,0,0,326,NA,NA,NA,0,0,0.240145992066443,0,0,0,0,NA,0.546827237261338,1144,0.00482425622535686,0.757991064938877
"PF00520","Ion transport protein",316,0.135022068299675,"lowest","hilo_TM_presence","",3,7,0,0,0,16,0,0,0,0,194,90,0.101285872182529,0.602007874015748,0,0,0,0.20405625540561,0,0,0,0,0.702363522598706,0.601363016589688,1846,0.00778459527273494,0.403364504244877
"PF00122","E1-E2 ATPase",298,0.147407179874096,"lowest","hilo_TM_presence","",37,25,0,0,0,47,0,5,0,0,77,87,0.177851124713728,0.462371639028992,0,0,0,0.137252909825297,0,0.0597602496808058,0,0,0.610645949200936,0.562715420056857,4006,0.016893330803129,0.175286153602777
"PF13246","Cation transport ATPase (P-type)",259,0.156416633787403,"lowest","hilo_TM_presence","",27,21,0,0,0,40,0,1,0,0,62,92,0.178074696209283,0.481606299212598,0,0,0,0.163874578978189,0,0.016404774422182,0,0,0.607380462841573,0.567800941533198,2943,0.0124106521601619,0.207372801135644
"PF00153","0",218,0.125415270969099,"lowest","hilo_TM_presence","",37,19,0,0,1,57,0,0,0,0,59,35,0.0753823014232038,0.128663100183343,0,0,0.00430133675545925,0.0933746172345428,0,0,0,0,0.272100418762823,0.28583303874942,7088,0.0298901469627006,0.0724728060236669
"PF07690","Major Facilitator Superfamily",1112,0.489182342268055,"highest","hilo_TM_count","",446,19,10,232,88,281,5,8,9,5,0,0,0.289308776718989,0.0517914856522491,0.11969944082013,0.418676414698841,0.277479461678632,0.26855276183078,0.166755502433562,0.311309207639546,0.429627112885416,0.448972483455242,0,0,12148,0.0512282033440867,0.215696101670557
"PF00005","ABC transporter",615,0.475724994736782,"highest","hilo_TM_count","",95,10,14,154,92,131,10,96,0,9,0,0,0.196084730717268,0.0654000949501084,0.457392686804452,0.347253349782393,0.279090959975245,0.25759213817998,0.220989054896756,0.394681943837852,0,0.269383490073145,0,0,9493,0.040032049254644,0.152656017033259
"PF00083","Sugar (and other) transporter",614,0.468446155356742,"highest","hilo_TM_count","",238,16,8,31,34,248,18,11,5,2,0,0,0.384378731335063,0.107922980215708,0.740540540540541,0.3340492232828,0.613080394975549,0.639073443727501,2.84499387630129,0.221760926526364,4.85319516407599,0.673458725182863,0,0,3810,0.0160667973938896,0.379739424191277
"PF00122","E1-E2 ATPase",584,0.485002823766894,"highest","hilo_TM_count","",82,13,30,116,86,181,21,43,3,8,0,0,0.394156546662858,0.240433252295076,1.20740305522914,0.582955276968566,0.675698323563924,0.528569716561249,1.26182923990222,0.51393814725493,1.13944582113089,0.448972483455242,0,0,4006,0.016893330803129,0.343513804375912
"PF00702","haloacid dehalogenase-like hydrolase",436,0.485002823766894,"highest","hilo_TM_count","",67,11,25,61,73,144,19,30,2,3,0,0,0.265380301975452,0.158328430703484,1.28566066066066,0.421984920849479,0.604227293683725,0.44774327115859,1.39535614359558,0.295285939599276,0.727979274611399,0.237691314770422,0,0,3786,0.0159655892213296,0.271361462808109
"PF00690","Cation transporter/ATPase",395,0.464610521021697,"highest","hilo_TM_count","",50,12,25,59,72,146,19,5,2,4,0,0,0.429697639562243,0.389439055967061,1.44636824324324,0.601092678610927,0.838054979253112,0.623017692839293,1.87945929545527,0.380292497968764,1.34396173774412,0.489788163769355,0,0,2436,0.0102726295148333,0.382086861061188
"PF13246","Cation transport ATPase (P-type)",363,0.500291406096205,"highest","hilo_TM_count","",53,6,17,81,50,105,8,33,0,10,0,0,0.349554033299704,0.137601799775028,1.07294226044226,0.630383211678832,0.550277199878929,0.430170769817747,0.62207828073611,0.541357555932005,0,0.561215604319053,0,0,2943,0.0124106521601619,0.290642188464242
"PF00664","ABC transporter transmembrane region",357,0.475724994736782,"highest","hilo_TM_count","",55,5,14,90,65,81,8,32,0,4,0,0,0.256546452567589,0.0666675386506919,0.670316868592731,0.478015705538451,0.343715736339638,0.37315746603957,0.394334367788653,0.622618415279093,0,0.38483355724735,0,0,4670,0.0196934235772872,0.180133143358135
"PF00153","0",355,0.461381180295738,"highest","hilo_TM_count","",76,9,11,79,52,101,14,1,3,7,0,0,0.154839321842257,0.0609456790342152,0.285488759787825,0.258870818571164,0.223669511283881,0.165453269134892,0.491727336644667,0.0836643495531281,0.545984455958549,0.177894757595473,0,0,7088,0.0298901469627006,0.118017642836705
"PF00689","Cation transporting ATPase",238,0.464610521021697,"highest","hilo_TM_count","",35,5,12,42,41,83,10,4,0,6,0,0,0.367630202736586,0.220515704767673,1.23423423423423,0.560340632603406,0.624111328383756,0.538396273017927,1.11854460093897,0.257428767855779,0,0.621654207861104,0,0,1882,0.00793640753157484,0.297988586426671
"PF07690","Major Facilitator Superfamily",1113,0.13476712154184,"lowest","hilo_TM_count","",285,153,0,0,0,204,0,3,0,0,309,138,0.184872200369757,0.417057752883901,0,0,0,0.194963570866473,0,0.11674095286483,0,0,0.935650900676476,0.560667763875746,12148,0.0512282033440867,0.215890072985009
"PF00005","ABC transporter",707,0.150295822854919,"lowest","hilo_TM_count","",68,46,0,0,0,52,0,12,0,0,199,309,0.140355386197623,0.300840436770499,0,0,0,0.102250314392053,0,0.0493352429797316,0,0,0.685684573679547,0.436759165253921,9493,0.040032049254644,0.175492364296771
"PF00067","Cytochrome P450",535,0.141476104403032,"lowest","hilo_TM_count","",56,65,0,0,0,19,0,0,0,0,395,0,0.0927664997559609,0.202355587904453,0,0,0,0.0368788256088277,0,NA,0,0,0.415764750269917,NA,6924,0.029198557783541,0.182070261042715
"PF00083","Sugar (and other) transporter",490,0.143376019179135,"lowest","hilo_TM_count","",105,59,0,0,0,66,0,7,0,0,58,188,0.169578852059587,0.397965989545425,0,0,0,0.170075997121028,0,0.141120589607686,0,0,0.85229193979382,0.487172574835549,3810,0.0160667973938896,0.303049377611931
"PF00664","ABC transporter transmembrane region",444,0.138916866885376,"lowest","hilo_TM_count","",42,29,0,0,0,36,0,9,0,0,170,143,0.195908200142523,0.386671724174013,0,0,0,0.165847762684253,0,0.175111429297245,0,0,0.936786399342346,0.635249345302281,4670,0.0196934235772872,0.224031136277345
"PF00003","7 transmembrane sweet-taste receptor of 3 GCPR",368,0.0923444158091436,"lowest","hilo_TM_count","",0,0,0,0,0,10,0,0,0,0,0,326,NA,NA,NA,0,0,0.240145992066443,0,0,0,0,NA,0.546827237261338,1144,0.00482425622535686,0.757991064938877
"PF00520","Ion transport protein",316,0.135022068299675,"lowest","hilo_TM_count","",3,7,0,0,0,16,0,0,0,0,194,90,0.101285872182529,0.602007874015748,0,0,0,0.20405625540561,0,0,0,0,0.702363522598706,0.601363016589688,1846,0.00778459527273494,0.403364504244877
"PF00122","E1-E2 ATPase",298,0.147407179874096,"lowest","hilo_TM_count","",37,25,0,0,0,47,0,5,0,0,77,87,0.177851124713728,0.462371639028992,0,0,0,0.137252909825297,0,0.0597602496808058,0,0,0.610645949200936,0.562715420056857,4006,0.016893330803129,0.175286153602777
"PF13246","Cation transport ATPase (P-type)",259,0.156416633787403,"lowest","hilo_TM_count","",27,21,0,0,0,40,0,1,0,0,62,92,0.178074696209283,0.481606299212598,0,0,0,0.163874578978189,0,0.016404774422182,0,0,0.607380462841573,0.567800941533198,2943,0.0124106521601619,0.207372801135644
"PF00153","0",218,0.125415270969099,"lowest","hilo_TM_count","",37,19,0,0,1,57,0,0,0,0,59,35,0.0753823014232038,0.128663100183343,0,0,0.00430133675545925,0.0933746172345428,0,0,0,0,0.272100418762823,0.28583303874942,7088,0.0298901469627006,0.0724728060236669
"PF00400","WD domain",1695,0.479163876788315,"highest","hilo_all_values_ONLY_PFAMs_count","",381,9,36,430,185,325,11,236,4,69,0,0,0.265353065924169,0.0169182540707002,0.360913259830227,0.45036723741956,0.266983383900576,0.188066138365286,0.102010126233592,0.461326787255566,0.266740497567535,0.453352702806025,0,0,23242,0.0980116811099163,0.171845632040954
"PF00069","Protein kinase domain",1678,0.503445852570903,"highest","hilo_all_values_ONLY_PFAMs_count","",425,11,12,437,181,267,2,266,8,63,0,0,0.268561024726402,0.0231865777807186,0.100982800982801,0.522108435922577,0.270072577746288,0.111883870593718,0.0178527683391118,0.404999399110684,0.334382824701887,0.458679996611031,0,0,27268,0.114989352056845,0.145004327413837
"PF00076","RNA recognition motif",1562,0.491237407047518,"highest","hilo_all_values_ONLY_PFAMs_count","",375,28,52,290,189,357,38,168,9,45,0,0,0.421689792988323,0.109084099481902,0.829916123019571,0.508603391095424,0.579098145046881,0.322610856756032,0.750762272912839,0.611113509779371,0.982772020725389,0.624858610994409,0,0,12676,0.0534547831404053,0.290362877143965
"PF00271","Helicase conserved C-terminal domain",1449,0.50056916847469,"highest","hilo_all_values_ONLY_PFAMs_count","",326,13,42,312,136,301,12,253,3,50,0,0,0.319909149232568,0.0381574956714028,0.706879606879607,0.553247713203363,0.418534615108534,0.334878792485359,0.225152203543844,0.528516365466702,0.32759067357513,0.580567866536951,0,0,12629,0.0532565838024754,0.270359549609405
"PF00270","DEAD/DEAH box helicase",1106,0.498058123856188,"highest","hilo_all_values_ONLY_PFAMs_count","",232,9,41,228,101,248,12,193,3,38,0,0,0.360324767632917,0.0368576249397397,0.940976100067009,0.569076455383415,0.441121076983194,0.409231240281645,0.322537814688501,0.522563736691059,0.524145077720207,0.631887198937007,0,0,8811,0.0371560503510658,0.295782324585876
"PF07690","Major Facilitator Superfamily",895,0.489182342268055,"highest","hilo_all_values_ONLY_PFAMs_count","",393,15,8,172,75,209,3,8,6,5,0,0,0.254929034194086,0.0408880149886177,0.0957595526561044,0.310398031587072,0.236488177567016,0.19974208976026,0.100053301460137,0.311309207639546,0.286418075256944,0.448972483455242,0,0,12148,0.0512282033440867,0.173604326434486
"PF00005","ABC transporter",851,0.475724994736782,"highest","hilo_all_values_ONLY_PFAMs_count","",154,11,23,181,130,205,16,117,1,13,0,0,0.317863668741677,0.0719401044451193,0.751430842607313,0.408135430588397,0.394367660834586,0.403102200968671,0.35358248783481,0.481018619052383,0.132359868111163,0.38910948566121,0,0,9493,0.040032049254644,0.211236212187485
"PF00004","ATPase family associated with various cellular activities (AAA)",838,0.495177857905628,"highest","hilo_all_values_ONLY_PFAMs_count","",184,10,26,182,66,149,5,182,3,30,0,0,0.314352297279752,0.067717421149128,0.776373147340889,0.552747941104715,0.381130946637074,0.29582099954992,0.169082323397751,0.52597276748426,0.476495525200188,0.585616282767707,0,0,7083,0.0298690619267506,0.278784785603881
"PF00106","short chain dehydrogenase",689,0.502749928789151,"highest","hilo_all_values_ONLY_PFAMs_count","",190,6,13,157,52,225,6,22,7,8,0,0,0.289388206235796,0.0334526255530863,0.311218546132339,0.523651662611517,0.389069815296695,0.608273979904822,0.299816078602197,0.400133845688874,0.623982235381199,0.448972483455242,0,0,5545,0.0233833048685348,0.292792510507832
"PF00153","0",663,0.461381180295738,"highest","hilo_all_values_ONLY_PFAMs_count","",168,14,17,149,93,178,20,1,5,14,0,0,0.342276395651304,0.0948043896087792,0.441209901490275,0.488250024900044,0.400024318257711,0.291590909960502,0.702467623778095,0.0836643495531281,0.909974093264249,0.355789515190947,0,0,7088,0.0298901469627006,0.220410414649959
"PF07714","Protein tyrosine and serine/threonine kinase",3413,0.138353484949133,"lowest","hilo_all_values_ONLY_PFAMs_count","",4,12,0,0,0,2,0,0,0,0,3369,23,0.15329753627626,0.213888807940458,0,0,0,0.027034399106881,0,0,0,0,0.475261497130822,0.563499419248855,12538,0.0528728361481856,0.64143154577563
"PF00069","Protein kinase domain",3027,0.138579451782433,"lowest","hilo_all_values_ONLY_PFAMs_count","",322,228,0,0,0,332,0,28,0,0,1189,829,0.203474470498592,0.480594521273076,0,0,0,0.139121516992937,0,0.0426315156958615,0,0,0.546334287587026,0.577798111408956,27268,0.114989352056845,0.261578128177404
"PF12796","Ankyrin repeats (3 copies)",2228,0.133288823746304,"lowest","hilo_all_values_ONLY_PFAMs_count","",52,39,0,0,0,70,0,1,0,0,121,1921,0.0912575680060407,0.425910332636992,0,0,0,0.137285892945021,0,0.0576995514159504,0,0,0.722557159014654,0.537414152015085,8601,0.0362704788411664,0.610391575433054
"PF00400","WD domain",2035,0.139362227573711,"lowest","hilo_all_values_ONLY_PFAMs_count","",284,225,0,0,0,245,0,28,0,0,467,705,0.1977959861482,0.422956351767505,0,0,0,0.14177293507537,0,0.0547336866235417,0,0,0.608666780511827,0.587015357937788,23242,0.0980116811099163,0.206316142302857
"PF00651","BTB/POZ domain",1367,0.13946739963936,"lowest","hilo_all_values_ONLY_PFAMs_count","",35,25,0,0,0,23,0,0,0,0,1217,65,0.182463519740585,0.378859580878381,0,0,0,0.128196453048802,0,NA,0,NA,0.390518192421198,0.460986367005643,6701,0.0282581651801716,0.480696753130021
"PF08238","Sel1 repeat",1344,0.139529167210416,"lowest","hilo_all_values_ONLY_PFAMs_count","",19,10,0,0,2,38,0,3,0,0,1139,120,0.220836409840595,0.471239040325439,0,0,0.0074377560994556,0.10460993703187,0,0.0534027763105073,0,0,0.458062660091626,0.577499404820256,8709,0.0367259156176861,0.363641357398225
"PF00076","RNA recognition motif",1271,0.14122552467662,"lowest","hilo_all_values_ONLY_PFAMs_count","",166,139,0,0,8,139,0,14,0,0,351,386,0.186668015029498,0.541524636713729,0,0,0.0245120907956352,0.12561038960529,0,0.0509261258149475,0,0,0.601944212666661,0.565363547762439,12676,0.0534547831404053,0.23626838466708
"PF02013","Cellulose or protein binding domain",1194,0.0836277608976808,"lowest","hilo_all_values_ONLY_PFAMs_count","",0,0,0,0,0,0,0,0,0,0,0,1194,NA,NA,NA,NA,NA,NA,0,NA,NA,NA,NA,0.516228879731304,1872,0.00789423745967487,1.50293699379638
"PF00271","Helicase conserved C-terminal domain",1141,0.142003364778874,"lowest","hilo_all_values_ONLY_PFAMs_count","",197,235,0,0,0,93,0,35,0,0,266,281,0.193319332511705,0.689770114059975,0,0,0,0.103467533890825,0,0.0731149122187137,0,0,0.598643080420574,0.578087190474017,12629,0.0532565838024754,0.212891819257647
"PF00067","Cytochrome P450",1056,0.141476104403032,"lowest","hilo_all_values_ONLY_PFAMs_count","",102,172,0,0,0,41,0,0,0,0,738,0,0.168967553126929,0.535464017224091,0,0,0,0.0795806236822072,0,NA,0,0,0.776795913162529,NA,6924,0.029198557783541,0.359376066656274
